PassengerId,Survived,Age,SibSp,Parch,Fare,Sex_1,Embarked_Q,Embarked_S,Pclass_2,Pclass_3,Title_Miss,Title_Mlle,Title_Mme,Title_Mr,Title_Mrs,Title_Ms,Title_Rare
1,0,-0.5654188991856517,1,0,-0.5021631365156053,1,0,1,0,1,0,0,0,1,0,0,0
3,1,-0.2581920767831734,0,0,-0.48857985158126094,0,0,1,0,1,1,0,0,0,0,0,0
4,1,0.43306827362240263,1,0,0.42049406976540915,0,0,1,0,0,0,0,0,0,1,0,0
5,0,0.43306827362240263,0,0,-0.48606442844527126,1,0,1,0,1,0,0,0,1,0,0,0
6,0,-0.10457866558193428,0,0,-0.47784805031387456,1,1,0,0,1,0,0,0,1,0,0,0
7,0,1.8923956800341744,0,0,0.39559138071911126,1,0,1,0,0,0,0,0,1,0,0,0
9,1,-0.18138537118255385,0,2,-0.4240179952036955,0,0,1,0,1,0,0,0,0,1,0,0
10,1,-1.1798725439906081,1,0,-0.042931390101259084,0,0,0,1,0,0,0,0,0,1,0,0
11,1,-1.9479395999968037,1,1,-0.3119971474347855,0,0,1,0,1,1,0,0,0,0,0,0
13,0,-0.7190323103868907,0,0,-0.48606442844527126,1,0,1,0,1,0,0,0,1,0,0,0
14,0,0.7402950960248809,1,5,-0.01869880977838891,1,0,1,0,1,0,0,0,1,0,0,0
15,0,-1.1798725439906081,0,0,-0.49000458724548557,0,0,1,0,1,1,0,0,0,0,0,0
18,1,-0.10457866558193428,0,0,-0.38645367226008,1,0,1,1,0,0,0,0,1,0,0,0
19,0,0.1258414512199244,1,0,-0.2858367468204928,0,0,1,0,1,0,0,0,0,1,0,0
20,1,-0.10457866558193428,0,0,-0.5026662211428031,0,0,0,0,1,0,0,0,0,1,0,0
21,0,0.43306827362240263,0,0,-0.12484966611715334,1,0,1,1,0,0,0,0,1,0,0,0
22,1,0.3562615680217831,0,0,-0.38645367226008,1,0,1,1,0,0,0,0,1,0,0,0
23,1,-1.1030658383899885,0,0,-0.4864829948551,0,1,0,0,1,1,0,0,0,0,0,0
24,1,-0.10457866558193428,0,0,0.06632249221806229,1,0,1,0,0,0,0,0,1,0,0,0
25,0,-1.6407127775943255,3,1,-0.22395733767514672,0,0,1,0,1,1,0,0,0,0,0,0
26,1,0.6634883904242613,1,5,-0.01643492895599818,0,0,1,0,1,0,0,0,0,1,0,0
27,0,-0.10457866558193428,0,0,-0.5026662211428031,1,0,0,0,1,0,0,0,1,0,0,0
29,1,-0.10457866558193428,0,0,-0.48950150261828757,0,1,0,0,1,1,0,0,0,0,0,0
30,0,-0.10457866558193428,0,0,-0.48916745442582815,1,0,1,0,1,0,0,0,1,0,0,0
31,0,0.8171018016255005,0,0,-0.09022134505786501,1,0,0,0,0,0,0,0,0,0,0,1
33,1,-0.10457866558193428,0,0,-0.4921014439716465,0,1,0,0,1,1,0,0,0,0,0,0
36,0,0.9707152128267396,1,0,0.3983583461687,1,0,1,0,0,0,0,0,1,0,0,0
37,1,-0.10457866558193428,0,0,-0.5025817029254339,1,0,0,0,1,0,0,0,1,0,0,0
38,0,-0.6422256047862712,0,0,-0.48606442844527126,1,0,1,0,1,0,0,0,1,0,0,0
39,0,-0.8726457215881299,2,0,-0.2858367468204928,0,0,1,0,1,1,0,0,0,0,0,0
40,1,-1.1798725439906081,1,0,-0.42183662026016516,0,0,0,0,1,1,0,0,0,0,0,0
41,0,0.8171018016255005,1,0,-0.45738860469498893,0,0,1,0,1,0,0,0,0,1,0,0
42,0,-0.18138537118255385,1,0,-0.2254665915567405,0,0,1,1,0,0,0,0,0,1,0,0
43,0,-0.10457866558193428,0,0,-0.48916745442582815,1,0,0,0,1,0,0,0,1,0,0,0
44,1,-2.0247463055974233,1,2,0.18865657484452994,0,0,0,1,0,1,0,0,0,0,0,0
45,1,-0.7958390159875103,0,0,-0.48950150261828757,0,1,0,0,1,1,0,0,0,0,0,0
46,0,-0.10457866558193428,0,0,-0.48606442844527126,1,0,1,0,1,0,0,0,1,0,0,0
47,0,-0.10457866558193428,1,0,-0.3361452095402864,1,1,0,0,1,0,0,0,1,0,0,0
48,1,-0.10457866558193428,0,0,-0.4921014439716465,0,1,0,0,1,1,0,0,0,0,0,0
49,0,-0.10457866558193428,2,0,-0.21179878840502697,1,0,0,0,1,0,0,0,1,0,0,0
50,0,-0.8726457215881299,1,0,-0.2898614238380763,0,0,1,0,1,0,0,0,0,1,0,0
51,0,-1.717519483194945,4,1,0.15058916727371655,1,0,1,0,1,0,0,0,0,0,0,0
52,0,-0.6422256047862712,0,0,-0.4910952747172506,1,0,1,0,1,0,0,0,1,0,0,0
54,1,-0.027771959981314716,1,0,-0.12484966611715334,0,0,1,1,0,0,0,0,0,1,0,0
56,1,-0.10457866558193428,0,0,0.06632249221806229,1,0,1,0,0,0,0,0,1,0,0,0
57,1,-0.6422256047862712,0,0,-0.4367621349798736,0,0,1,1,0,1,0,0,0,0,0,0
58,0,-0.0661753127816245,0,0,-0.5025817029254339,1,0,0,0,1,0,0,0,1,0,0,0
59,1,-1.8711328943961842,1,2,-0.08963374221329784,0,0,1,1,0,1,0,0,0,0,0,0
60,0,-1.4102926607924668,5,2,0.295729082220321,1,0,1,0,1,0,0,0,0,0,0,0
61,0,-0.5654188991856517,0,0,-0.5025817029254339,1,0,0,0,1,0,0,0,1,0,0,0
64,0,-1.9479395999968037,3,2,-0.08661523445011025,1,0,1,0,1,0,0,0,0,0,0,0
65,0,-0.10457866558193428,0,0,-0.09022134505786501,1,0,0,0,0,0,0,0,1,0,0,0
66,1,-0.10457866558193428,1,1,-0.34126057402963506,1,0,0,0,1,0,0,0,0,0,0,0
67,1,-0.027771959981314716,0,0,-0.4367621349798736,0,0,1,1,0,0,0,0,0,1,0,0
68,0,-0.7958390159875103,0,0,-0.4838850658402498,1,0,1,0,1,0,0,0,1,0,0,0
69,1,-0.9494524271887494,4,2,-0.48857985158126094,0,0,1,0,1,1,0,0,0,0,0,0
70,0,-0.2581920767831734,2,0,-0.47373885507892183,1,0,1,0,1,0,0,0,1,0,0,0
71,0,0.20264815682054396,0,0,-0.4367621349798736,1,0,1,1,0,0,0,0,1,0,0,0
72,0,-1.026259132789369,5,2,0.295729082220321,0,0,1,0,1,1,0,0,0,0,0,0
74,0,-0.2581920767831734,1,0,-0.35719024566523044,1,0,0,0,1,0,0,0,1,0,0,0
75,1,0.20264815682054396,0,0,0.4888290608469592,1,0,1,0,1,0,0,0,1,0,0,0
76,0,-0.33499878238379294,0,0,-0.4941137824804383,1,0,1,0,1,0,0,0,1,0,0,0
77,0,-0.10457866558193428,0,0,-0.48916745442582815,1,0,1,0,1,0,0,0,1,0,0,0
78,0,-0.10457866558193428,0,0,-0.48606442844527126,1,0,1,0,1,0,0,0,1,0,0,0
80,1,0.04903474561930485,0,0,-0.3970184494312366,0,0,1,0,1,1,0,0,0,0,0,0
81,0,-0.5654188991856517,0,0,-0.4669472126117497,1,0,1,0,1,0,0,0,1,0,0,0
82,1,-0.027771959981314716,0,0,-0.456885520067791,1,0,1,0,1,0,0,0,1,0,0,0
83,1,-0.10457866558193428,0,0,-0.4913468170308496,0,1,0,0,1,1,0,0,0,0,0,0
84,0,-0.10457866558193428,0,0,0.29975375923790454,1,0,1,0,0,0,0,0,1,0,0,0
85,1,-0.9494524271887494,0,0,-0.4367621349798736,0,0,1,1,0,1,0,0,0,0,0,0
86,1,0.2794548624211635,3,0,-0.3291020247595153,0,0,1,0,1,0,0,0,0,1,0,0
87,0,-1.026259132789369,1,3,0.04368368399415517,1,0,1,0,1,0,0,0,1,0,0,0
88,0,-0.10457866558193428,0,0,-0.48606442844527126,1,0,1,0,1,0,0,0,1,0,0,0
90,0,-0.4118054879844125,0,0,-0.48606442844527126,1,0,1,0,1,0,0,0,1,0,0,0
91,0,-0.027771959981314716,0,0,-0.48606442844527126,1,0,1,0,1,0,0,0,1,0,0,0
92,0,-0.7190323103868907,0,0,-0.49000458724548557,1,0,1,0,1,0,0,0,1,0,0,0
93,0,1.277942035229218,1,0,0.5829904043503423,1,0,1,0,0,0,0,0,1,0,0,0
94,0,-0.2581920767831734,1,2,-0.23401903021910545,1,0,1,0,1,0,0,0,1,0,0,0
96,0,-0.10457866558193428,0,0,-0.48606442844527126,1,0,1,0,1,0,0,0,1,0,0,0
99,1,0.3562615680217831,0,1,-0.18521982138090565,0,0,1,1,0,0,0,0,0,1,0,0
100,0,0.3562615680217831,1,0,-0.12484966611715334,1,0,1,1,0,0,0,0,1,0,0,0
101,0,-0.10457866558193428,0,0,-0.48916745442582815,0,0,1,0,1,1,0,0,0,0,0,0
102,0,-0.10457866558193428,0,0,-0.48916745442582815,1,0,1,0,1,0,0,0,1,0,0,0
104,0,0.2794548624211635,0,0,-0.4739058791751516,1,0,1,0,1,0,0,0,1,0,0,0
105,0,0.5866816848236418,2,0,-0.48857985158126094,1,0,1,0,1,0,0,0,1,0,0,0
106,0,-0.10457866558193428,0,0,-0.48916745442582815,1,0,1,0,1,0,0,0,1,0,0,0
107,1,-0.6422256047862712,0,0,-0.4941137824804383,0,0,1,0,1,1,0,0,0,0,0,0
108,1,-0.10457866558193428,0,0,-0.4915983593444486,1,0,1,0,1,0,0,0,1,0,0,0
109,0,0.6634883904242613,0,0,-0.48916745442582815,1,0,1,0,1,0,0,0,1,0,0,0
110,1,-0.10457866558193428,1,0,-0.16207792852980063,0,1,0,0,1,1,0,0,0,0,0,0
111,0,1.3547487408298373,0,0,0.3983583461687,1,0,1,0,0,0,0,0,1,0,0,0
112,0,-1.1414691911902983,1,0,-0.35719024566523044,0,0,0,0,1,1,0,0,0,0,0,0
113,0,-0.5654188991856517,0,0,-0.48606442844527126,1,0,1,0,1,0,0,0,1,0,0,0
114,0,-0.7190323103868907,1,0,-0.45034541991421784,0,0,1,0,1,1,0,0,0,0,0,0
115,0,-0.9494524271887494,0,0,-0.35710773978636995,0,0,0,0,1,1,0,0,0,0,0,0
116,0,-0.6422256047862712,0,0,-0.48857985158126094,1,0,1,0,1,0,0,0,1,0,0,0
118,0,-0.027771959981314716,1,0,-0.2254665915567405,1,0,1,1,0,0,0,0,1,0,0,0
122,0,-0.10457866558193428,0,0,-0.48606442844527126,1,0,1,0,1,0,0,0,1,0,0,0
123,0,0.24105150962085375,1,0,-0.042931390101259084,1,0,0,1,0,0,0,0,1,0,0,0
124,1,0.24105150962085375,0,0,-0.38645367226008,0,0,1,1,0,1,0,0,0,0,0,0
126,1,-1.3334859551918472,1,0,-0.42183662026016516,1,0,0,0,1,0,0,0,0,0,0,0
127,0,-0.10457866558193428,0,0,-0.4921014439716465,1,1,0,0,1,0,0,0,1,0,0,0
128,1,-0.4118054879844125,0,0,-0.5043424991206267,1,0,1,0,1,0,0,0,1,0,0,0
129,1,-0.10457866558193428,1,1,-0.19813299759182226,0,0,0,0,1,1,0,0,0,0,0,0
130,0,1.2011353296285983,0,0,-0.5076970674147825,1,0,1,0,1,0,0,0,1,0,0,0
131,0,0.2794548624211635,0,0,-0.48916745442582815,1,0,0,0,1,0,0,0,1,0,0,0
132,0,-0.7190323103868907,0,0,-0.5061878135331888,1,0,1,0,1,0,0,0,1,0,0,0
133,0,1.3547487408298373,1,0,-0.3562685946282038,0,0,1,0,1,0,0,0,0,1,0,0
134,1,-0.027771959981314716,1,0,-0.12484966611715334,0,0,1,1,0,0,0,0,0,1,0,0
135,0,-0.33499878238379294,0,0,-0.38645367226008,1,0,1,1,0,0,0,0,1,0,0,0
136,0,-0.4886121935850321,0,0,-0.3452852510472185,1,0,0,1,0,0,0,0,1,0,0,0
137,1,-0.7958390159875103,0,2,-0.11914871112174633,0,0,1,0,0,1,0,0,0,0,0,0
138,0,0.5866816848236418,1,0,0.42049406976540915,1,0,1,0,0,0,0,0,1,0,0,0
139,0,-1.026259132789369,0,0,-0.46258647506319805,1,0,1,0,1,0,0,0,1,0,0,0
141,0,-0.10457866558193428,0,2,-0.34126057402963506,0,0,0,0,1,0,0,0,0,1,0,0
142,1,-0.5654188991856517,0,0,-0.4921014439716465,0,0,1,0,1,1,0,0,0,0,0,0
143,1,-0.4118054879844125,1,0,-0.3291020247595153,0,0,1,0,1,0,0,0,0,1,0,0
144,0,-0.7958390159875103,0,0,-0.5122248290595639,1,1,0,0,1,0,0,0,1,0,0,0
145,0,-0.8726457215881299,0,0,-0.41663874989195615,1,0,1,1,0,0,0,0,1,0,0,0
146,0,-0.7958390159875103,1,1,0.09147672357795908,1,0,1,1,0,0,0,0,1,0,0,0
147,1,-0.18138537118255385,0,0,-0.4911797929346199,1,0,1,0,1,0,0,0,1,0,0,0
148,0,-1.563906071993706,2,2,0.04368368399415517,0,0,1,0,1,1,0,0,0,0,0,0
149,0,0.548278332023332,0,2,-0.12484966611715334,1,0,1,1,0,0,0,0,1,0,0,0
150,0,0.9707152128267396,0,0,-0.38645367226008,1,0,1,1,0,0,0,0,0,0,0,1
151,0,1.6619755632323157,0,0,-0.3960122801768408,1,0,1,1,0,0,0,0,0,0,0,1
154,0,0.8555051544258102,0,2,-0.3562685946282038,1,0,1,0,1,0,0,0,1,0,0,0
155,0,-0.10457866558193428,0,0,-0.5009054249476104,1,0,1,0,1,0,0,0,1,0,0,0
156,0,1.6619755632323157,0,1,0.5870995995852951,1,0,0,0,0,0,0,0,1,0,0,0
157,1,-1.026259132789369,0,0,-0.49243750450261475,0,1,0,0,1,1,0,0,0,0,0,0
158,0,0.04903474561930485,0,0,-0.48606442844527126,1,0,1,0,1,0,0,0,1,0,0,0
159,0,-0.10457866558193428,0,0,-0.47373885507892183,1,0,1,0,1,0,0,0,1,0,0,0
161,0,1.1243286240279786,0,1,-0.3240711784875359,1,0,1,0,1,0,0,0,1,0,0,0
162,1,0.8171018016255005,0,0,-0.33111436326830707,0,0,1,1,0,0,0,0,0,1,0,0
163,0,-0.2581920767831734,0,0,-0.4915983593444486,1,0,1,0,1,0,0,0,1,0,0,0
164,0,-0.9494524271887494,0,0,-0.47373885507892183,1,0,1,0,1,0,0,0,1,0,0,0
166,1,-1.563906071993706,0,2,-0.23502519947350134,1,0,1,0,1,0,0,0,0,0,0,0
167,1,-0.10457866558193428,0,1,0.45872850143245225,0,0,1,0,0,0,0,0,0,1,0,0
168,0,1.2011353296285983,1,4,-0.08661523445011025,0,0,1,0,1,0,0,0,0,1,0,0
169,0,-0.10457866558193428,0,0,-0.12635891999874713,1,0,1,0,0,0,0,0,1,0,0,0
170,0,-0.10457866558193428,0,0,0.4888290608469592,1,0,1,0,1,0,0,0,1,0,0,0
172,0,-1.9479395999968037,4,1,-0.06196408771741136,1,1,0,0,1,0,0,0,0,0,0,0
174,0,-0.6422256047862712,0,0,-0.48857985158126094,1,0,1,0,1,0,0,0,1,0,0,0
176,0,-0.8726457215881299,1,1,-0.49000458724548557,1,0,1,0,1,0,0,0,1,0,0,0
177,0,-0.10457866558193428,3,1,-0.13558146738453972,1,0,1,0,1,0,0,0,0,0,0,0
178,0,1.585168857631696,0,0,-0.07026498406617733,0,0,0,0,0,1,0,0,0,0,0,0
179,0,0.04903474561930485,0,0,-0.38645367226008,1,0,1,1,0,0,0,0,1,0,0,0
180,0,0.5098749792230222,0,0,-0.6480576784030067,1,0,1,0,1,0,0,0,1,0,0,0
182,0,-0.10457866558193428,0,0,-0.34520073282984926,1,0,0,1,0,0,0,0,1,0,0,0
183,0,-1.563906071993706,4,2,-0.01643492895599818,1,0,1,0,1,0,0,0,0,0,0,0
185,1,-1.9479395999968037,0,2,-0.20484012184162517,0,0,1,0,1,1,0,0,0,0,0,0
186,0,-0.10457866558193428,0,0,0.3581115759928651,1,0,1,0,0,0,0,0,1,0,0,0
187,1,-0.10457866558193428,1,0,-0.3361452095402864,0,1,0,0,1,0,0,0,0,1,0,0
188,1,1.2011353296285983,0,0,-0.11378180431879874,1,0,1,0,0,0,0,0,1,0,0,0
189,0,0.8171018016255005,1,1,-0.3361452095402864,1,1,0,0,1,0,0,0,1,0,0,0
190,0,0.5098749792230222,0,0,-0.48916745442582815,1,0,1,0,1,0,0,0,1,0,0,0
191,1,0.20264815682054396,0,0,-0.38645367226008,0,0,1,1,0,0,0,0,0,1,0,0
192,0,-0.7958390159875103,0,0,-0.38645367226008,1,0,1,1,0,0,0,0,1,0,0,0
193,1,-0.7958390159875103,1,0,-0.49000458724548557,0,0,1,0,1,1,0,0,0,0,0,0
194,1,-2.0247463055974233,1,1,-0.12484966611715334,1,0,1,1,0,0,0,0,0,0,0,0
195,1,1.1243286240279786,0,0,-0.09022134505786501,0,0,0,0,0,0,0,0,0,1,0,0
197,0,-0.10457866558193428,0,0,-0.4921014439716465,1,1,0,0,1,0,0,0,1,0,0,0
198,0,0.9707152128267396,0,1,-0.47893672544713095,1,0,1,0,1,0,0,0,1,0,0,0
199,1,-0.10457866558193428,0,0,-0.4921014439716465,0,1,0,0,1,1,0,0,0,0,0,0
200,0,-0.4118054879844125,0,0,-0.38645367226008,0,0,1,1,0,1,0,0,0,0,0,0
201,0,-0.10457866558193428,0,0,-0.456885520067791,1,0,1,0,1,0,0,0,1,0,0,0
203,0,0.3562615680217831,0,0,-0.5173401935489126,1,0,1,0,1,0,0,0,1,0,0,0
204,0,1.239538682428908,0,0,-0.5026662211428031,1,0,0,0,1,0,0,0,1,0,0,0
205,1,-0.8726457215881299,0,0,-0.48606442844527126,1,0,1,0,1,0,0,0,1,0,0,0
207,0,0.20264815682054396,1,0,-0.3291020247595153,1,0,1,0,1,0,0,0,1,0,0,0
208,1,-0.2581920767831734,0,0,-0.2699895810637578,1,0,0,0,1,0,0,0,1,0,0,0
209,1,-1.026259132789369,0,0,-0.4921014439716465,0,1,0,0,1,1,0,0,0,0,0,0
210,1,0.8171018016255005,0,0,-0.024232740677566172,1,0,0,0,0,0,0,0,1,0,0,0
211,0,-0.4118054879844125,0,0,-0.5061878135331888,1,0,1,0,1,0,0,0,1,0,0,0
212,1,0.43306827362240263,0,0,-0.2254665915567405,0,0,1,1,0,1,0,0,0,0,0,0
213,0,-0.5654188991856517,0,0,-0.5021631365156053,1,0,1,0,1,0,0,0,1,0,0,0
214,0,0.04903474561930485,0,0,-0.38645367226008,1,0,1,1,0,0,0,0,1,0,0,0
215,0,-0.10457866558193428,1,0,-0.4921014439716465,1,1,0,0,1,0,0,0,1,0,0,0
217,1,-0.18138537118255385,0,0,-0.48857985158126094,0,0,1,0,1,1,0,0,0,0,0,0
218,0,0.9707152128267396,1,0,-0.10472628102923591,1,0,1,1,0,0,0,0,1,0,0,0
220,0,0.04903474561930485,0,0,-0.4367621349798736,1,0,1,1,0,0,0,0,1,0,0,0
221,1,-1.026259132789369,0,0,-0.48606442844527126,1,0,1,0,1,0,0,0,1,0,0,0
222,0,-0.18138537118255385,0,0,-0.38645367226008,1,0,1,1,0,0,0,0,1,0,0,0
223,0,1.6619755632323157,0,0,-0.48606442844527126,1,0,1,0,1,0,0,0,1,0,0,0
224,0,-0.10457866558193428,0,0,-0.48916745442582815,1,0,1,0,1,0,0,0,1,0,0,0
226,0,-0.5654188991856517,0,0,-0.4599040278309786,1,0,1,0,1,0,0,0,1,0,0,0
227,1,-0.7958390159875103,0,0,-0.4367621349798736,1,0,1,1,0,0,0,0,1,0,0,0
228,0,-0.680628957586581,0,0,-0.5021631365156053,1,0,1,0,1,0,0,0,1,0,0,0
229,0,-0.8726457215881299,0,0,-0.38645367226008,1,0,1,1,0,0,0,0,1,0,0,0
230,0,-0.10457866558193428,3,1,-0.13558146738453972,0,0,1,0,1,1,0,0,0,0,0,0
232,0,-0.027771959981314716,0,0,-0.4915983593444486,1,0,1,0,1,0,0,0,1,0,0,0
234,1,-1.8711328943961842,4,2,-0.01643492895599818,0,0,1,0,1,1,0,0,0,0,0,0
235,0,-0.4118054879844125,0,0,-0.4367621349798736,1,0,1,1,0,0,0,0,1,0,0,0
236,0,-0.10457866558193428,0,0,-0.49612612098923,0,0,1,0,1,1,0,0,0,0,0,0
237,0,1.1243286240279786,1,0,-0.12484966611715334,1,0,1,1,0,0,0,0,1,0,0,0
238,1,-1.6407127775943255,0,2,-0.11981881984517398,0,0,1,1,0,1,0,0,0,0,0,0
239,0,-0.7958390159875103,0,0,-0.4367621349798736,1,0,1,1,0,0,0,0,1,0,0,0
240,0,0.2794548624211635,0,0,-0.4010431264488202,1,0,1,1,0,0,0,0,1,0,0,0
241,0,-0.10457866558193428,1,0,-0.35719024566523044,0,0,0,0,1,1,0,0,0,0,0,0
242,1,-0.10457866558193428,1,0,-0.3361452095402864,0,1,0,0,1,1,0,0,0,0,0,0
243,0,-0.027771959981314716,0,0,-0.4367621349798736,1,0,1,1,0,0,0,0,1,0,0,0
244,0,-0.5654188991856517,0,0,-0.5046785596515949,1,0,1,0,1,0,0,0,1,0,0,0
245,0,0.04903474561930485,0,0,-0.5026662211428031,1,0,0,0,1,0,0,0,1,0,0,0
247,0,-0.33499878238379294,0,0,-0.4915983593444486,0,0,1,0,1,1,0,0,0,0,0,0
248,1,-0.4118054879844125,0,2,-0.3562685946282038,0,0,1,1,0,0,0,0,0,1,0,0
249,1,0.5866816848236418,1,1,0.4095107261844238,1,0,1,0,0,0,0,0,1,0,0,0
250,0,1.8923956800341744,1,0,-0.12484966611715334,1,0,1,1,0,0,0,0,0,0,0,1
251,0,-0.10457866558193428,0,0,-0.5021631365156053,1,0,1,0,1,0,0,0,1,0,0,0
252,0,-0.027771959981314716,1,1,-0.4375167619206705,0,0,1,0,1,0,0,0,0,1,0,0
254,0,0.04903474561930485,1,0,-0.3240711784875359,1,0,1,0,1,0,0,0,1,0,0,0
255,0,0.89390850722612,0,2,-0.2413137573134755,0,0,1,0,1,0,0,0,0,1,0,0
256,1,-0.027771959981314716,0,2,-0.34126057402963506,0,0,0,0,1,0,0,0,0,1,0,0
260,1,1.585168857631696,0,1,-0.12484966611715334,0,0,1,1,0,0,0,0,0,1,0,0
261,0,-0.10457866558193428,0,0,-0.4921014439716465,1,1,0,0,1,0,0,0,1,0,0,0
262,1,-2.0247463055974233,4,2,-0.01643492895599818,1,0,1,0,1,0,0,0,0,0,0,0
264,0,0.8171018016255005,0,0,-0.6480576784030067,1,0,1,0,0,0,0,0,1,0,0,0
265,0,-0.10457866558193428,0,0,-0.4921014439716465,0,1,0,0,1,1,0,0,0,0,0,0
266,0,0.5098749792230222,0,0,-0.4367621349798736,1,0,1,1,0,0,0,0,1,0,0,0
267,0,-1.026259132789369,4,1,0.15058916727371655,1,0,1,0,1,0,0,0,1,0,0,0
268,1,-0.33499878238379294,1,0,-0.4915983593444486,1,0,1,0,1,0,0,0,1,0,0,0
271,0,-0.10457866558193428,0,0,-0.024232740677566172,1,0,1,0,0,0,0,0,1,0,0,0
272,1,-0.33499878238379294,0,0,-0.6480576784030067,1,0,1,0,1,0,0,0,1,0,0,0
273,1,0.89390850722612,0,1,-0.25565166918861665,0,0,1,1,0,0,0,0,0,1,0,0
274,0,0.5866816848236418,0,1,-0.05039314129185885,1,0,0,0,0,0,0,0,1,0,0,0
275,1,-0.10457866558193428,0,0,-0.4921014439716465,0,1,0,0,1,1,0,0,0,0,0,0
277,0,1.2011353296285983,0,0,-0.4921014439716465,0,0,1,0,1,1,0,0,0,0,0,0
278,0,-0.10457866558193428,0,0,-0.6480576784030067,1,0,1,1,0,0,0,0,1,0,0,0
279,0,-1.717519483194945,4,1,-0.06196408771741136,1,1,0,0,1,0,0,0,0,0,0,0
280,1,0.43306827362240263,1,1,-0.2405591303726786,0,0,1,0,1,0,0,0,0,1,0,0
282,0,-0.10457866558193428,0,0,-0.49000458724548557,1,0,1,0,1,0,0,0,1,0,0,0
283,0,-1.026259132789369,0,0,-0.456885520067791,1,0,1,0,1,0,0,0,1,0,0,0
284,1,-0.7958390159875103,0,0,-0.48606442844527126,1,0,1,0,1,0,0,0,1,0,0,0
285,0,-0.10457866558193428,0,0,-0.12484966611715334,1,0,1,0,0,0,0,0,1,0,0,0
286,0,0.2794548624211635,0,0,-0.47373885507892183,1,0,0,0,1,0,0,0,1,0,0,0
287,1,0.04903474561930485,0,0,-0.456885520067791,1,0,1,0,1,0,0,0,1,0,0,0
288,0,-0.5654188991856517,0,0,-0.48916745442582815,1,0,1,0,1,0,0,0,1,0,0,0
289,1,0.9707152128267396,0,0,-0.38645367226008,1,0,1,1,0,0,0,0,1,0,0,0
290,1,-0.5654188991856517,0,0,-0.4921014439716465,0,1,0,0,1,1,0,0,0,0,0,0
293,0,0.5098749792230222,0,0,-0.38896909539606966,1,0,0,1,0,0,0,0,1,0,0,0
294,0,-0.4118054879844125,0,0,-0.46996572037493733,0,0,1,0,1,1,0,0,0,0,0,0
295,0,-0.4118054879844125,0,0,-0.48916745442582815,1,0,1,0,1,0,0,0,1,0,0,0
296,0,-0.10457866558193428,0,0,-0.09022134505786501,1,0,0,0,0,0,0,0,1,0,0,0
297,0,-0.4502088407847223,0,0,-0.5025817029254339,1,0,0,0,1,0,0,0,1,0,0,0
299,1,-0.10457866558193428,0,0,-0.03429443322152489,1,0,1,0,0,0,0,0,1,0,0,0
301,1,-0.10457866558193428,0,0,-0.4921014439716465,0,1,0,0,1,1,0,0,0,0,0,0
302,1,-0.10457866558193428,2,0,-0.18018897510892629,1,1,0,0,1,0,0,0,1,0,0,0
303,0,-0.7958390159875103,0,0,-0.6480576784030067,1,0,1,0,1,0,0,0,1,0,0,0
304,1,-0.10457866558193428,0,0,-0.3995338725672263,0,1,0,1,0,1,0,0,0,0,0,0
305,0,-0.10457866558193428,0,0,-0.48606442844527126,1,0,1,0,1,0,0,0,1,0,0,0
309,0,0.04903474561930485,1,0,-0.1650964362929882,1,0,0,1,0,0,0,0,1,0,0,0
310,1,0.04903474561930485,0,0,0.4975505359440626,0,0,0,0,0,1,0,0,0,0,0,0
313,0,-0.2581920767831734,1,1,-0.12484966611715334,0,0,1,1,0,0,0,0,0,1,0,0
314,0,-0.10457866558193428,0,0,-0.48916745442582815,1,0,1,0,1,0,0,0,1,0,0,0
315,0,1.0475219184273592,1,1,-0.11981881984517398,1,0,1,1,0,0,0,0,1,0,0,0
316,1,-0.2581920767831734,0,0,-0.49000458724548557,0,0,1,0,1,1,0,0,0,0,0,0
317,1,-0.4118054879844125,1,0,-0.12484966611715334,0,0,1,1,0,0,0,0,0,1,0,0
318,0,1.8923956800341744,0,0,-0.36633028717216254,1,0,1,1,0,0,0,0,0,0,0,1
321,0,-0.5654188991856517,0,0,-0.5021631365156053,1,0,1,0,1,0,0,0,1,0,0,0
322,0,-0.18138537118255385,0,0,-0.48916745442582815,1,0,1,0,1,0,0,0,1,0,0,0
323,1,0.04903474561930485,0,0,-0.3995338725672263,0,1,0,1,0,1,0,0,0,0,0,0
324,1,-0.5654188991856517,1,1,-0.06447951085340105,0,0,1,1,0,0,0,0,0,1,0,0
328,1,0.5098749792230222,0,0,-0.38645367226008,0,0,1,1,0,0,0,0,0,1,0,0
329,1,0.1258414512199244,1,1,-0.23502519947350134,0,0,1,0,1,0,0,0,0,1,0,0
330,1,-1.026259132789369,0,1,0.5186800902863759,0,0,0,0,0,1,0,0,0,0,0,0
331,1,-0.10457866558193428,2,0,-0.18018897510892629,0,1,0,0,1,1,0,0,0,0,0,0
332,0,1.239538682428908,0,0,-0.07454120339735976,1,0,1,0,0,0,0,0,1,0,0,0
334,0,-1.026259132789369,2,0,-0.2858367468204928,1,0,1,0,1,0,0,0,1,0,0,0
336,0,-0.10457866558193428,0,0,-0.48916745442582815,1,0,1,0,1,0,0,0,1,0,0,0
339,1,1.2011353296285983,0,0,-0.48606442844527126,1,0,1,0,1,0,0,0,1,0,0,0
340,0,1.2011353296285983,0,0,0.06632249221806229,1,0,1,0,0,0,0,0,1,0,0,0
343,0,-0.10457866558193428,0,0,-0.38645367226008,1,0,1,1,0,0,0,0,1,0,0,0
344,0,-0.33499878238379294,0,0,-0.38645367226008,1,0,1,1,0,0,0,0,1,0,0,0
345,0,0.5098749792230222,0,0,-0.38645367226008,1,0,1,1,0,0,0,0,1,0,0,0
346,1,-0.4118054879844125,0,0,-0.38645367226008,0,0,1,1,0,1,0,0,0,0,0,0
347,1,0.8171018016255005,0,0,-0.38645367226008,0,0,1,1,0,1,0,0,0,0,0,0
348,1,-0.10457866558193428,1,0,-0.3240711784875359,0,0,1,0,1,0,0,0,0,1,0,0
349,1,-2.0247463055974233,1,1,-0.32809585550511944,1,0,1,0,1,0,0,0,0,0,0,0
350,0,0.9707152128267396,0,0,-0.47373885507892183,1,0,1,0,1,0,0,0,1,0,0,0
351,0,-0.4886121935850321,0,0,-0.4624194509669683,1,0,1,0,1,0,0,0,1,0,0,0
352,0,-0.10457866558193428,0,0,0.056260799674103565,1,0,1,0,0,0,0,0,1,0,0,0
353,0,-1.1030658383899885,1,1,-0.5025817029254339,1,0,0,0,1,0,0,0,1,0,0,0
354,0,-0.33499878238379294,1,0,-0.2898614238380763,1,0,1,0,1,0,0,0,1,0,0,0
355,0,-0.10457866558193428,0,0,-0.5026662211428031,1,0,0,0,1,0,0,0,1,0,0,0
356,0,-0.10457866558193428,0,0,-0.456885520067791,1,0,1,0,1,0,0,0,1,0,0,0
357,1,-0.5654188991856517,0,1,0.45872850143245225,0,0,1,0,0,1,0,0,0,0,0,0
358,0,0.6634883904242613,0,0,-0.38645367226008,0,0,1,1,0,1,0,0,0,0,0,0
359,1,-0.10457866558193428,0,0,-0.48950150261828757,0,1,0,0,1,1,0,0,0,0,0,0
360,1,-0.10457866558193428,0,0,-0.48950150261828757,0,1,0,0,1,1,0,0,0,0,0,0
361,0,0.8171018016255005,1,4,-0.08661523445011025,1,0,1,0,1,0,0,0,1,0,0,0
362,0,-0.027771959981314716,1,0,-0.09022134505786501,1,0,0,1,0,0,0,0,1,0,0,0
363,0,1.2011353296285983,0,1,-0.35719024566523044,0,0,0,0,1,0,0,0,0,1,0,0
364,0,0.43306827362240263,0,0,-0.5061878135331888,1,0,1,0,1,0,0,0,1,0,0,0
365,0,-0.10457866558193428,1,0,-0.3361452095402864,1,1,0,0,1,0,0,0,1,0,0,0
366,0,0.04903474561930485,0,0,-0.5021631365156053,1,0,1,0,1,0,0,0,1,0,0,0
368,1,-0.10457866558193428,0,0,-0.5025817029254339,0,0,0,0,1,0,0,0,0,1,0,0
369,1,-0.10457866558193428,0,0,-0.4921014439716465,0,1,0,0,1,1,0,0,0,0,0,0
371,1,-0.33499878238379294,1,0,0.4676170006257853,1,0,0,0,0,0,0,0,1,0,0,0
372,0,-0.8726457215881299,1,0,-0.5173401935489126,1,0,1,0,1,0,0,0,1,0,0,0
373,0,-0.7958390159875103,0,0,-0.48606442844527126,1,0,1,0,1,0,0,0,1,0,0,0
375,0,-2.0247463055974233,3,1,-0.22395733767514672,0,0,1,0,1,1,0,0,0,0,0,0
377,1,-0.5654188991856517,0,0,-0.5021631365156053,0,0,1,0,1,1,0,0,0,0,0,0
379,0,-0.7190323103868907,0,0,-0.567312595737738,1,0,0,0,1,0,0,0,1,0,0,0
380,0,-0.7958390159875103,0,0,-0.4915983593444486,1,0,1,0,1,0,0,0,1,0,0,0
383,0,0.20264815682054396,0,0,-0.48857985158126094,1,0,1,0,1,0,0,0,1,0,0,0
384,1,0.43306827362240263,1,0,0.3983583461687,0,0,1,0,0,0,0,0,0,1,0,0
385,0,-0.10457866558193428,0,0,-0.48916745442582815,1,0,1,0,1,0,0,0,1,0,0,0
388,1,0.5098749792230222,0,0,-0.38645367226008,0,0,1,1,0,1,0,0,0,0,0,0
389,0,-0.10457866558193428,0,0,-0.49252001038147525,1,1,0,0,1,0,0,0,1,0,0,0
390,1,-0.9494524271887494,0,0,-0.40657705734799743,0,0,0,1,0,1,0,0,0,0,0,0
392,1,-0.6422256047862712,0,0,-0.4911797929346199,1,0,1,0,1,0,0,0,1,0,0,0
393,0,-0.10457866558193428,2,0,-0.48857985158126094,1,0,1,0,1,0,0,0,1,0,0,0
395,1,-0.4118054879844125,0,2,-0.3119971474347855,0,0,1,0,1,0,0,0,0,1,0,0
396,0,-0.5654188991856517,0,0,-0.4911797929346199,1,0,1,0,1,0,0,0,1,0,0,0
397,0,0.1258414512199244,0,0,-0.49000458724548557,0,0,1,0,1,1,0,0,0,0,0,0
398,0,1.277942035229218,0,0,-0.12484966611715334,1,0,1,1,0,0,0,0,1,0,0,0
399,0,-0.4886121935850321,0,0,-0.4367621349798736,1,0,1,1,0,0,0,0,0,0,0,1
400,1,-0.10457866558193428,0,0,-0.39349685704085113,0,0,1,1,0,0,0,0,0,1,0,0
401,1,0.7402950960248809,0,0,-0.48857985158126094,1,0,1,0,1,0,0,0,1,0,0,0
402,0,-0.2581920767831734,0,0,-0.48606442844527126,1,0,1,0,1,0,0,0,1,0,0,0
403,0,-0.6422256047862712,1,0,-0.45034541991421784,0,0,1,0,1,1,0,0,0,0,0,0
404,0,-0.10457866558193428,1,0,-0.3291020247595153,1,0,1,0,1,0,0,0,1,0,0,0
405,0,-0.7190323103868907,0,0,-0.47373885507892183,0,0,1,0,1,1,0,0,0,0,0,0
406,0,0.3562615680217831,1,0,-0.2254665915567405,1,0,1,1,0,0,0,0,1,0,0,0
407,0,1.6619755632323157,0,0,-0.4921014439716465,1,0,1,0,1,0,0,0,1,0,0,0
408,1,-2.0247463055974233,1,1,-0.27074420800455473,1,0,1,1,0,0,0,0,0,0,0,0
409,0,-0.6422256047862712,0,0,-0.4915983593444486,1,0,1,0,1,0,0,0,1,0,0,0
410,0,-0.10457866558193428,3,1,-0.13558146738453972,0,0,1,0,1,1,0,0,0,0,0,0
411,0,-0.10457866558193428,0,0,-0.48916745442582815,1,0,1,0,1,0,0,0,1,0,0,0
412,0,-0.10457866558193428,0,0,-0.5100454664545425,1,1,0,0,1,0,0,0,1,0,0,0
414,0,-0.10457866558193428,0,0,-0.6480576784030067,1,0,1,1,0,0,0,0,1,0,0,0
415,1,1.1243286240279786,0,0,-0.48857985158126094,1,0,1,0,1,0,0,0,1,0,0,0
416,0,-0.10457866558193428,0,0,-0.48606442844527126,0,0,1,0,1,0,0,0,0,1,0,0
417,1,0.3562615680217831,1,1,0.005952336954309978,0,0,1,1,0,0,0,0,0,1,0,0
418,1,-0.8726457215881299,0,2,-0.38645367226008,0,0,1,1,0,1,0,0,0,0,0,0
419,0,0.04903474561930485,0,0,-0.38645367226008,1,0,1,1,0,0,0,0,1,0,0,0
420,0,-1.4870993663930865,0,2,-0.16207792852980063,0,0,1,0,1,1,0,0,0,0,0,0
421,0,-0.10457866558193428,0,0,-0.48916745442582815,1,0,0,0,1,0,0,0,1,0,0,0
422,0,-0.6422256047862712,0,0,-0.49243750450261475,1,1,0,0,1,0,0,0,1,0,0,0
423,0,-0.027771959981314716,0,0,-0.48958602083565683,1,0,1,0,1,0,0,0,1,0,0,0
424,0,-0.10457866558193428,1,1,-0.3582809331369956,0,0,1,0,1,0,0,0,0,1,0,0
425,0,-0.8726457215881299,1,1,-0.2413137573134755,1,0,1,0,1,0,0,0,1,0,0,0
426,0,-0.10457866558193428,0,0,-0.5021631365156053,1,0,1,0,1,0,0,0,1,0,0,0
427,1,-0.10457866558193428,1,0,-0.12484966611715334,0,0,1,1,0,0,0,0,0,1,0,0
428,1,-0.7958390159875103,0,0,-0.12484966611715334,0,0,1,1,0,1,0,0,0,0,0,0
429,0,-0.10457866558193428,0,0,-0.4921014439716465,1,1,0,0,1,0,0,0,1,0,0,0
430,1,0.20264815682054396,0,0,-0.48606442844527126,1,0,1,0,1,0,0,0,1,0,0,0
431,1,-0.10457866558193428,0,0,-0.11378180431879874,1,0,1,0,0,0,0,0,1,0,0,0
432,1,-0.10457866558193428,1,0,-0.3240711784875359,0,0,1,0,1,0,0,0,0,1,0,0
433,1,0.9707152128267396,1,0,-0.12484966611715334,0,0,1,1,0,0,0,0,0,1,0,0
434,0,-0.9494524271887494,0,0,-0.5046785596515949,1,0,1,0,1,0,0,0,1,0,0,0
435,0,1.585168857631696,1,0,0.4768395480115779,1,0,1,0,0,0,0,0,1,0,0,0
437,0,-0.6422256047862712,2,2,0.04368368399415517,0,0,1,0,1,1,0,0,0,0,0,0
438,1,-0.4118054879844125,2,3,-0.27074420800455473,0,0,1,1,0,0,0,0,0,1,0,0
440,0,0.1258414512199244,0,0,-0.4367621349798736,1,0,1,1,0,0,0,0,1,0,0,0
441,1,1.2011353296285983,1,1,-0.11981881984517398,0,0,1,1,0,0,0,0,0,1,0,0
442,0,-0.7190323103868907,0,0,-0.456885520067791,1,0,1,0,1,0,0,0,1,0,0,0
443,0,-0.33499878238379294,1,0,-0.4915983593444486,1,0,1,0,1,0,0,0,1,0,0,0
444,1,-0.10457866558193428,0,0,-0.38645367226008,0,0,1,1,0,0,0,0,0,0,1,0
445,1,-0.10457866558193428,0,0,-0.48480671687727644,1,0,1,0,1,0,0,0,1,0,0,0
447,1,-1.2566792495912278,0,1,-0.25565166918861665,0,0,1,1,0,1,0,0,0,0,0,0
448,1,0.3562615680217831,0,0,-0.11378180431879874,1,0,1,0,0,0,0,0,1,0,0,0
449,1,-1.8711328943961842,2,1,-0.26051549136436636,0,0,0,0,1,1,0,0,0,0,0,0
450,1,1.7387822688329353,0,0,-0.03429443322152489,1,0,1,0,0,0,0,0,0,0,0,1
451,0,0.5098749792230222,1,2,-0.08963374221329784,1,0,1,1,0,0,0,0,1,0,0,0
452,0,-0.10457866558193428,1,0,-0.2462600853680856,1,0,1,0,1,0,0,0,1,0,0,0
453,0,0.04903474561930485,0,0,-0.08963374221329784,1,0,0,0,0,0,0,0,1,0,0,0
455,0,-0.10457866558193428,0,0,-0.48606442844527126,1,0,1,0,1,0,0,0,1,0,0,0
456,1,-0.027771959981314716,0,0,-0.48916745442582815,1,0,0,0,1,0,0,0,1,0,0,0
458,1,-0.10457866558193428,1,0,0.39559138071911126,0,0,1,0,0,0,0,0,0,1,0,0
459,1,1.585168857631696,0,0,-0.4367621349798736,0,0,1,1,0,1,0,0,0,0,0,0
460,0,-0.10457866558193428,0,0,-0.4921014439716465,1,1,0,0,1,0,0,0,1,0,0,0
461,1,1.431555446430457,0,0,-0.11378180431879874,1,0,1,0,0,0,0,0,1,0,0,0
462,0,0.3562615680217831,0,0,-0.48606442844527126,1,0,1,0,1,0,0,0,1,0,0,0
463,0,1.3547487408298373,0,0,0.12669264748181458,1,0,1,0,0,0,0,0,1,0,0,0
464,0,1.431555446430457,0,0,-0.38645367226008,1,0,1,1,0,0,0,0,1,0,0,0
465,0,-0.10457866558193428,0,0,-0.48606442844527126,1,0,1,0,1,0,0,0,1,0,0,0
466,0,0.6634883904242613,0,0,-0.5061878135331888,1,0,1,0,1,0,0,0,1,0,0,0
467,0,-0.10457866558193428,0,0,-0.6480576784030067,1,0,1,1,0,0,0,0,1,0,0,0
469,0,-0.10457866558193428,0,0,-0.4926045285988444,1,1,0,0,1,0,0,0,1,0,0,0
471,0,-0.10457866558193428,0,0,-0.5021631365156053,1,0,1,0,1,0,0,0,1,0,0,0
472,0,0.6634883904242613,0,0,-0.47373885507892183,1,0,1,0,1,0,0,0,1,0,0,0
473,1,0.2794548624211635,1,2,-0.08963374221329784,0,0,1,1,0,0,0,0,0,1,0,0
474,1,-0.4886121935850321,0,0,-0.37052198828597577,0,0,0,1,0,0,0,0,0,1,0,0
475,0,-0.5654188991856517,0,0,-0.4500938776006189,0,0,1,0,1,1,0,0,0,0,0,0
476,0,-0.10457866558193428,0,0,0.3983583461687,1,0,1,0,0,0,0,0,1,0,0,0
477,0,0.3562615680217831,1,0,-0.2254665915567405,1,0,1,1,0,0,0,0,1,0,0,0
478,0,-0.027771959981314716,1,0,-0.506272331750558,1,0,1,0,1,0,0,0,1,0,0,0
479,0,-0.5654188991856517,0,0,-0.4967137238337972,1,0,1,0,1,0,0,0,1,0,0,0
481,0,-1.563906071993706,5,2,0.295729082220321,1,0,1,0,1,0,0,0,0,0,0,0
482,0,-0.10457866558193428,0,0,-0.6480576784030067,1,0,1,1,0,0,0,0,1,0,0,0
483,0,1.585168857631696,0,0,-0.48606442844527126,1,0,1,0,1,0,0,0,1,0,0,0
486,0,-0.10457866558193428,3,1,-0.13558146738453972,0,0,1,0,1,1,0,0,0,0,0,0
489,0,0.04903474561930485,0,0,-0.48606442844527126,1,0,1,0,1,0,0,0,1,0,0,0
490,1,-1.563906071993706,1,1,-0.32809585550511944,1,0,1,0,1,0,0,0,0,0,0,0
491,0,-0.10457866558193428,1,0,-0.2462600853680856,1,0,1,0,1,0,0,0,1,0,0,0
492,0,-0.6422256047862712,0,0,-0.5021631365156053,1,0,1,0,1,0,0,0,1,0,0,0
495,0,-0.6422256047862712,0,0,-0.48606442844527126,1,0,1,0,1,0,0,0,1,0,0,0
496,0,-0.10457866558193428,0,0,-0.35710773978636995,1,0,0,0,1,0,0,0,1,0,0,0
498,0,-0.10457866558193428,0,0,-0.34419456357545336,1,0,1,0,1,0,0,0,1,0,0,0
500,0,-0.4118054879844125,0,0,-0.4911797929346199,1,0,1,0,1,0,0,0,1,0,0,0
501,0,-0.9494524271887494,0,0,-0.47373885507892183,1,0,1,0,1,0,0,0,1,0,0,0
502,0,-0.6422256047862712,0,0,-0.4921014439716465,0,1,0,0,1,1,0,0,0,0,0,0
503,0,-0.10457866558193428,0,0,-0.4945323488902669,0,1,0,0,1,1,0,0,0,0,0,0
504,0,0.5866816848236418,0,0,-0.4551247238725983,0,0,1,0,1,1,0,0,0,0,0,0
507,1,0.2794548624211635,0,2,-0.12484966611715334,0,0,1,1,0,0,0,0,0,1,0,0
508,1,-0.10457866558193428,0,0,-0.11378180431879874,1,0,1,0,0,0,0,0,1,0,0,0
509,0,-0.10457866558193428,0,0,-0.19477842929766645,1,0,1,0,1,0,0,0,1,0,0,0
510,1,-0.2581920767831734,0,0,0.4888290608469592,1,0,1,0,1,0,0,0,1,0,0,0
511,1,-0.027771959981314716,0,0,-0.4921014439716465,1,1,0,0,1,0,0,0,1,0,0,0
512,0,-0.10457866558193428,0,0,-0.48606442844527126,1,0,1,0,1,0,0,0,1,0,0,0
513,1,0.5098749792230222,0,0,-0.11906419290437706,1,0,1,0,0,0,0,0,1,0,0,0
514,1,1.8923956800341744,1,0,0.547271395819289,0,0,0,0,0,0,0,0,0,1,0,0
515,0,-0.4118054879844125,0,0,-0.49721680846099514,1,0,1,0,1,0,0,0,1,0,0,0
516,0,1.3547487408298373,0,0,0.036555980996014835,1,0,1,0,0,0,0,0,1,0,0,0
517,1,0.3562615680217831,0,0,-0.4367621349798736,0,0,1,1,0,0,0,0,0,1,0,0
518,0,-0.10457866558193428,0,0,-0.16207792852980063,1,1,0,0,1,0,0,0,1,0,0,0
519,1,0.5098749792230222,1,0,-0.12484966611715334,0,0,1,1,0,0,0,0,0,1,0,0
520,0,0.20264815682054396,0,0,-0.48916745442582815,1,0,1,0,1,0,0,0,1,0,0,0
522,0,-0.5654188991856517,0,0,-0.48916745442582815,1,0,1,0,1,0,0,0,1,0,0,0
523,0,-0.10457866558193428,0,0,-0.5026662211428031,1,0,0,0,1,0,0,0,1,0,0,0
524,1,1.1243286240279786,0,1,0.5186800902863759,0,0,0,0,0,0,0,0,0,1,0,0
525,0,-0.10457866558193428,0,0,-0.5025817029254339,1,0,0,0,1,0,0,0,1,0,0,0
526,0,0.8555051544258102,0,0,-0.4921014439716465,1,1,0,0,1,0,0,0,1,0,0,0
527,1,1.585168857631696,0,0,-0.4367621349798736,0,0,1,1,0,1,0,0,0,0,0,0
529,0,0.7402950960248809,0,0,-0.48857985158126094,1,0,1,0,1,0,0,0,1,0,0,0
530,0,-0.4886121935850321,2,1,-0.41663874989195615,1,0,1,1,0,0,0,0,1,0,0,0
532,0,-0.10457866558193428,0,0,-0.5025817029254339,1,0,0,0,1,0,0,0,1,0,0,0
533,0,-0.9494524271887494,1,1,-0.5025817029254339,1,0,0,0,1,0,0,0,1,0,0,0
534,1,-0.10457866558193428,0,2,-0.19813299759182226,0,0,0,0,1,0,0,0,0,1,0,0
535,0,0.04903474561930485,0,0,-0.47373885507892183,0,0,1,0,1,1,0,0,0,0,0,0
536,1,-1.717519483194945,0,2,-0.11981881984517398,0,0,1,1,0,1,0,0,0,0,0,0
537,0,1.2011353296285983,0,0,-0.11378180431879874,1,0,1,0,0,0,0,0,0,0,0,1
539,0,-0.10457866558193428,0,0,-0.3562685946282038,1,0,1,0,1,0,0,0,1,0,0,0
540,1,-0.5654188991856517,0,2,0.34804988344890636,0,0,0,0,0,1,0,0,0,0,0,0
542,0,-1.563906071993706,4,2,-0.01869880977838891,0,0,1,0,1,1,0,0,0,0,0,0
543,0,-1.4102926607924668,4,2,-0.01869880977838891,0,0,1,0,1,1,0,0,0,0,0,0
544,1,0.20264815682054396,1,0,-0.12484966611715334,1,0,1,1,0,0,0,0,1,0,0,0
547,1,-0.7958390159875103,1,0,-0.12484966611715334,0,0,1,1,0,0,0,0,0,1,0,0
548,1,-0.10457866558193428,0,0,-0.3690972526217512,1,0,0,1,0,0,0,0,1,0,0,0
549,0,0.2794548624211635,1,1,-0.23502519947350134,1,0,1,0,1,0,0,0,1,0,0,0
550,1,-1.6407127775943255,1,1,0.09147672357795908,1,0,1,1,0,0,0,0,0,0,0,0
552,0,-0.18138537118255385,0,0,-0.12484966611715334,1,0,1,1,0,0,0,0,1,0,0,0
553,0,-0.10457866558193428,0,0,-0.49050767187268346,1,1,0,0,1,0,0,0,1,0,0,0
554,1,-0.5654188991856517,0,0,-0.5026662211428031,1,0,0,0,1,0,0,0,1,0,0,0
555,1,-0.5654188991856517,0,0,-0.4915983593444486,0,0,1,0,1,1,0,0,0,0,0,0
557,1,1.431555446430457,1,0,0.14882837107852379,0,0,0,0,0,0,0,0,0,0,0,1
560,1,0.5098749792230222,1,0,-0.2979107778732433,0,0,1,0,1,0,0,0,0,1,0,0
561,0,-0.10457866558193428,0,0,-0.4921014439716465,1,1,0,0,1,0,0,0,1,0,0,0
562,0,0.8171018016255005,0,0,-0.48916745442582815,1,0,1,0,1,0,0,0,1,0,0,0
563,0,-0.10457866558193428,0,0,-0.37639197971612126,1,0,1,1,0,0,0,0,1,0,0,0
564,0,-0.10457866558193428,0,0,-0.48606442844527126,1,0,1,0,1,0,0,0,1,0,0,0
565,0,-0.10457866558193428,0,0,-0.48606442844527126,0,0,1,0,1,1,0,0,0,0,0,0
566,0,-0.4118054879844125,2,0,-0.16207792852980063,1,0,1,0,1,0,0,0,1,0,0,0
567,0,-0.7958390159875103,0,0,-0.48916745442582815,1,0,1,0,1,0,0,0,1,0,0,0
568,0,-0.027771959981314716,0,4,-0.22395733767514672,0,0,1,0,1,0,0,0,0,1,0,0
569,0,-0.10457866558193428,0,0,-0.5025817029254339,1,0,0,0,1,0,0,0,1,0,0,0
570,1,0.20264815682054396,0,0,-0.49000458724548557,1,0,1,0,1,0,0,0,1,0,0,0
572,1,1.8155889744335547,2,0,0.3878780872149125,0,0,1,0,0,0,0,0,0,1,0,0
573,1,0.5098749792230222,0,0,-0.11705185439558535,1,0,1,0,0,0,0,0,1,0,0,0
574,1,-0.10457866558193428,0,0,-0.4921014439716465,0,1,0,0,1,1,0,0,0,0,0,0
575,0,-1.026259132789369,0,0,-0.48606442844527126,1,0,1,0,1,0,0,0,1,0,0,0
576,0,-0.7958390159875103,0,0,-0.3562685946282038,1,0,1,0,1,0,0,0,1,0,0,0
577,1,0.3562615680217831,0,0,-0.38645367226008,0,0,1,1,0,1,0,0,0,0,0,0
578,1,0.7402950960248809,1,0,0.4768395480115779,0,0,1,0,0,0,0,0,0,1,0,0
579,0,-0.10457866558193428,1,0,-0.35710773978636995,0,0,0,0,1,0,0,0,0,1,0,0
580,1,0.20264815682054396,0,0,-0.48857985158126094,1,0,1,0,1,0,0,0,1,0,0,0
581,1,-0.33499878238379294,1,1,-0.04435612576548361,0,0,1,1,0,1,0,0,0,0,0,0
583,0,1.8923956800341744,0,0,-0.12484966611715334,1,0,1,1,0,0,0,0,1,0,0,0
584,0,0.5098749792230222,0,0,0.15939314824968043,1,0,0,0,0,0,0,0,1,0,0,0
585,0,-0.10457866558193428,0,0,-0.47273268582452604,1,0,0,0,1,0,0,0,1,0,0,0
587,0,1.3547487408298373,0,0,-0.3462069020842451,1,0,1,1,0,0,0,0,1,0,0,0
589,0,-0.5654188991856517,0,0,-0.48606442844527126,1,0,1,0,1,0,0,0,1,0,0,0
590,0,-0.10457866558193428,0,0,-0.48606442844527126,1,0,1,0,1,0,0,0,1,0,0,0
591,0,0.43306827362240263,0,0,-0.5046785596515949,1,0,1,0,1,0,0,0,1,0,0,0
593,0,1.3547487408298373,0,0,-0.5021631365156053,1,0,1,0,1,0,0,0,1,0,0,0
594,0,-0.10457866558193428,0,2,-0.4921014439716465,0,1,0,0,1,1,0,0,0,0,0,0
595,0,0.5866816848236418,1,0,-0.12484966611715334,1,0,1,1,0,0,0,0,1,0,0,0
596,0,0.5098749792230222,1,1,-0.16207792852980063,1,0,1,0,1,0,0,0,1,0,0,0
597,1,-0.10457866558193428,0,0,0.016014029498268696,0,0,1,1,0,1,0,0,0,0,0,0
598,0,1.5083621520310766,0,0,-0.6480576784030067,1,0,1,0,1,0,0,0,1,0,0,0
599,0,-0.10457866558193428,0,0,-0.5026662211428031,1,0,0,0,1,0,0,0,1,0,0,0
600,1,1.5083621520310766,1,0,0.4975505359440626,1,0,0,0,0,0,0,0,0,0,0,1
601,1,-0.4118054879844125,2,1,-0.10472628102923591,0,0,1,1,0,0,0,0,0,1,0,0
602,0,-0.10457866558193428,0,0,-0.48916745442582815,1,0,1,0,1,0,0,0,1,0,0,0
603,0,-0.10457866558193428,0,0,0.20517384932469254,1,0,1,0,0,0,0,0,1,0,0,0
604,0,1.1243286240279786,0,0,-0.48606442844527126,1,0,1,0,1,0,0,0,1,0,0,0
605,1,0.43306827362240263,0,0,-0.11378180431879874,1,0,0,0,0,0,0,0,1,0,0,0
606,0,0.5098749792230222,1,0,-0.33513904028589053,1,0,1,0,1,0,0,0,1,0,0,0
607,0,0.04903474561930485,0,0,-0.48916745442582815,1,0,1,0,1,0,0,0,1,0,0,0
608,1,-0.18138537118255385,0,0,-0.03429443322152489,1,0,1,0,0,0,0,0,1,0,0,0
609,1,-0.5654188991856517,1,2,0.18865657484452994,0,0,0,1,0,0,0,0,0,1,0,0
611,0,0.7402950960248809,1,5,-0.01869880977838891,0,0,1,0,1,0,0,0,0,1,0,0
612,0,-0.10457866558193428,0,0,-0.5061878135331888,1,0,1,0,1,0,0,0,1,0,0,0
613,1,-0.10457866558193428,1,0,-0.3361452095402864,0,1,0,0,1,1,0,0,0,0,0,0
614,0,-0.10457866558193428,0,0,-0.4921014439716465,1,1,0,0,1,0,0,0,1,0,0,0
615,0,0.43306827362240263,0,0,-0.48606442844527126,1,0,1,0,1,0,0,0,1,0,0,0
617,0,0.3562615680217831,1,1,-0.3582809331369956,1,0,1,0,1,0,0,0,1,0,0,0
618,0,-0.2581920767831734,1,0,-0.3240711784875359,0,0,1,0,1,0,0,0,0,1,0,0
619,1,-1.9479395999968037,2,1,0.1367543400257733,0,0,1,1,0,1,0,0,0,0,0,0
620,0,-0.2581920767831734,0,0,-0.4367621349798736,1,0,1,1,0,0,0,0,1,0,0,0
621,0,-0.18138537118255385,1,0,-0.35719024566523044,1,0,0,0,1,0,0,0,1,0,0,0
622,1,0.9707152128267396,1,0,0.4095107261844238,1,0,1,0,0,0,0,0,1,0,0,0
623,1,-0.7190323103868907,1,1,-0.3312813873645367,1,0,0,0,1,0,0,0,1,0,0,0
624,0,-0.6422256047862712,0,0,-0.49000458724548557,1,0,1,0,1,0,0,0,1,0,0,0
625,0,-0.6422256047862712,0,0,-0.3240711784875359,1,0,1,0,1,0,0,0,1,0,0,0
629,0,-0.2581920767831734,0,0,-0.48916745442582815,1,0,1,0,1,0,0,0,1,0,0,0
630,0,-0.10457866558193428,0,0,-0.49243750450261475,1,1,0,0,1,0,0,0,1,0,0,0
632,0,1.6619755632323157,0,0,-0.5061032953158194,1,0,1,0,1,0,0,0,1,0,0,0
633,1,0.20264815682054396,0,0,-0.03429443322152489,1,0,0,0,0,0,0,0,0,0,0,1
634,0,-0.10457866558193428,0,0,-0.6480576784030067,1,0,1,0,0,0,0,0,1,0,0,0
635,0,-1.563906071993706,3,2,-0.08661523445011025,0,0,1,0,1,1,0,0,0,0,0,0
636,1,-0.10457866558193428,0,0,-0.38645367226008,0,0,1,1,0,1,0,0,0,0,0,0
637,0,0.20264815682054396,0,0,-0.48857985158126094,1,0,1,0,1,0,0,0,1,0,0,0
638,0,0.1258414512199244,1,1,-0.11981881984517398,1,0,1,1,0,0,0,0,1,0,0,0
639,0,0.89390850722612,0,5,0.15058916727371655,0,0,1,0,1,0,0,0,0,1,0,0
640,0,-0.10457866558193428,1,0,-0.3240711784875359,1,0,1,0,1,0,0,0,1,0,0,0
641,0,-0.7190323103868907,0,0,-0.49000458724548557,1,0,1,0,1,0,0,0,1,0,0,0
644,1,-0.10457866558193428,0,0,0.4888290608469592,1,0,1,0,1,0,0,0,1,0,0,0
647,0,-0.7958390159875103,0,0,-0.48916745442582815,1,0,1,0,1,0,0,0,1,0,0,0
649,0,-0.10457866558193428,0,0,-0.49612612098923,1,0,1,0,1,0,0,0,1,0,0,0
650,1,-0.4886121935850321,0,0,-0.49612612098923,0,0,1,0,1,1,0,0,0,0,0,0
651,0,-0.10457866558193428,0,0,-0.48916745442582815,1,0,1,0,1,0,0,0,1,0,0,0
652,1,-0.8726457215881299,0,1,-0.18521982138090565,0,0,1,1,0,1,0,0,0,0,0,0
653,0,-0.6422256047862712,0,0,-0.47835113494107256,1,0,1,0,1,0,0,0,1,0,0,0
654,1,-0.10457866558193428,0,0,-0.49050767187268346,0,1,0,0,1,1,0,0,0,0,0,0
655,0,-0.8726457215881299,0,0,-0.5122248290595639,0,1,0,0,1,1,0,0,0,0,0,0
657,0,-0.10457866558193428,0,0,-0.48916745442582815,1,0,1,0,1,0,0,0,1,0,0,0
658,0,0.20264815682054396,1,1,-0.3361452095402864,0,1,0,0,1,0,0,0,0,1,0,0
659,0,-0.4886121935850321,0,0,-0.38645367226008,1,0,1,1,0,0,0,0,1,0,0,0
662,0,0.8171018016255005,0,0,-0.5026662211428031,1,0,0,0,1,0,0,0,1,0,0,0
663,0,1.3547487408298373,0,0,-0.1331505624659193,1,0,1,0,0,0,0,0,1,0,0,0
664,0,0.5098749792230222,0,0,-0.49721680846099514,1,0,1,0,1,0,0,0,1,0,0,0
665,1,-0.7190323103868907,1,0,-0.48857985158126094,1,0,1,0,1,0,0,0,1,0,0,0
667,0,-0.33499878238379294,0,0,-0.38645367226008,1,0,1,1,0,0,0,0,1,0,0,0
668,0,-0.10457866558193428,0,0,-0.4915983593444486,1,0,1,0,1,0,0,0,1,0,0,0
669,0,1.0475219184273592,0,0,-0.48606442844527126,1,0,1,0,1,0,0,0,1,0,0,0
670,1,-0.10457866558193428,1,0,0.3983583461687,0,0,1,0,0,0,0,0,0,1,0,0
671,1,0.8171018016255005,1,1,0.1367543400257733,0,0,1,1,0,0,0,0,0,1,0,0
672,0,0.1258414512199244,1,0,0.3983583461687,1,0,1,0,0,0,0,0,1,0,0,0
674,1,0.1258414512199244,0,0,-0.38645367226008,1,0,1,1,0,0,0,0,1,0,0,0
675,0,-0.10457866558193428,0,0,-0.6480576784030067,1,0,1,1,0,0,0,0,1,0,0,0
676,0,-0.8726457215881299,0,0,-0.4915983593444486,1,0,1,0,1,0,0,0,1,0,0,0
677,0,-0.37340213518410276,0,0,-0.48606442844527126,1,0,1,0,1,0,0,0,1,0,0,0
678,1,-0.8726457215881299,0,0,-0.45000935938324965,0,0,1,0,1,1,0,0,0,0,0,0
679,0,1.0475219184273592,1,6,0.295729082220321,0,0,1,0,1,0,0,0,0,1,0,0
681,0,-0.10457866558193428,0,0,-0.48430363225007855,0,1,0,0,1,1,0,0,0,0,0,0
683,0,-0.7190323103868907,0,0,-0.4624194509669683,1,0,1,0,1,0,0,0,1,0,0,0
684,0,-1.1798725439906081,5,2,0.295729082220321,1,0,1,0,1,0,0,0,1,0,0,0
686,0,-0.33499878238379294,1,2,0.18865657484452994,1,0,0,1,0,0,0,0,1,0,0,0
687,0,-1.1798725439906081,4,1,0.15058916727371655,1,0,1,0,1,0,0,0,1,0,0,0
688,0,-0.7958390159875103,0,0,-0.443386753350816,1,0,1,0,1,0,0,0,1,0,0,0
689,0,-0.8726457215881299,0,0,-0.4911797929346199,1,0,1,0,1,0,0,0,1,0,0,0
691,1,0.1258414512199244,1,0,0.49897527160828714,1,0,1,0,0,0,0,0,1,0,0,0
692,1,-1.9479395999968037,0,1,-0.3780682576939448,0,0,0,0,1,1,0,0,0,0,0,0
693,1,-0.10457866558193428,0,0,0.4888290608469592,1,0,1,0,1,0,0,0,1,0,0,0
694,0,-0.33499878238379294,0,0,-0.5026662211428031,1,0,0,0,1,0,0,0,1,0,0,0
696,0,1.7387822688329353,0,0,-0.37639197971612126,1,0,1,1,0,0,0,0,1,0,0,0
697,0,1.1243286240279786,0,0,-0.48606442844527126,1,0,1,0,1,0,0,0,1,0,0,0
698,1,-0.10457866558193428,0,0,-0.49243750450261475,0,1,0,0,1,1,0,0,0,0,0,0
700,0,0.9707152128267396,0,0,-0.4941137824804383,1,0,1,0,1,0,0,0,1,0,0,0
702,1,0.43306827362240263,0,0,-0.11906419290437706,1,0,1,0,0,0,0,0,1,0,0,0
703,0,-0.8726457215881299,0,1,-0.35719024566523044,0,0,0,0,1,1,0,0,0,0,0,0
704,0,-0.33499878238379294,0,0,-0.4922684680678762,1,1,0,0,1,0,0,0,1,0,0,0
705,0,-0.2581920767831734,1,0,-0.49000458724548557,1,0,1,0,1,0,0,0,1,0,0,0
706,0,0.7402950960248809,0,0,-0.12484966611715334,1,0,1,1,0,0,0,0,1,0,0,0
707,1,1.2011353296285983,0,0,-0.37639197971612126,0,0,1,1,0,0,0,0,0,1,0,0
708,1,0.9707152128267396,0,0,-0.11906419290437706,1,0,1,0,0,0,0,0,1,0,0,0
710,1,-0.10457866558193428,1,1,-0.34126057402963506,1,0,0,0,1,0,0,0,0,0,0,0
711,1,-0.4118054879844125,0,0,0.3481344016662756,0,0,0,0,0,0,1,0,0,0,0,0
712,0,-0.10457866558193428,0,0,-0.11378180431879874,1,0,1,0,0,0,0,0,1,0,0,0
713,1,1.431555446430457,1,0,0.3983583461687,1,0,1,0,0,0,0,0,1,0,0,0
714,0,-0.027771959981314716,0,0,-0.4572215805987592,1,0,1,0,1,0,0,0,1,0,0,0
715,0,1.7387822688329353,0,0,-0.38645367226008,1,0,1,1,0,0,0,0,1,0,0,0
716,0,-0.7958390159875103,0,0,-0.4941137824804383,1,0,1,0,1,0,0,0,1,0,0,0
718,1,-0.18138537118255385,0,0,-0.4367621349798736,0,0,1,1,0,1,0,0,0,0,0,0
719,0,-0.10457866558193428,0,0,-0.3361452095402864,1,1,0,0,1,0,0,0,1,0,0,0
720,0,0.2794548624211635,0,0,-0.4915983593444486,1,0,1,0,1,0,0,0,1,0,0,0
721,1,-1.7943261887955646,0,1,0.016014029498268696,0,0,1,1,0,1,0,0,0,0,0,0
722,0,-0.9494524271887494,1,0,-0.5061032953158194,1,0,1,0,1,0,0,0,1,0,0,0
723,0,0.3562615680217831,0,0,-0.38645367226008,1,0,1,1,0,0,0,0,1,0,0,0
724,0,1.585168857631696,0,0,-0.38645367226008,1,0,1,1,0,0,0,0,1,0,0,0
725,1,-0.18138537118255385,1,0,0.42049406976540915,1,0,1,0,0,0,0,0,1,0,0,0
726,0,-0.7190323103868907,0,0,-0.47373885507892183,1,0,1,0,1,0,0,0,1,0,0,0
727,1,0.04903474561930485,3,0,-0.2254665915567405,0,0,1,1,0,0,0,0,0,1,0,0
728,1,-0.10457866558193428,0,0,-0.4923529862852455,0,1,0,0,1,1,0,0,0,0,0,0
729,0,-0.33499878238379294,1,0,-0.12484966611715334,1,0,1,1,0,0,0,0,1,0,0,0
730,0,-0.33499878238379294,1,0,-0.48857985158126094,0,0,1,0,1,1,0,0,0,0,0,0
732,0,-1.4102926607924668,0,0,-0.2699895810637578,1,0,0,0,1,0,0,0,1,0,0,0
733,0,-0.10457866558193428,0,0,-0.6480576784030067,1,0,1,1,0,0,0,0,1,0,0,0
734,0,-0.4886121935850321,0,0,-0.38645367226008,1,0,1,1,0,0,0,0,1,0,0,0
735,0,-0.4886121935850321,0,0,-0.38645367226008,1,0,1,1,0,0,0,0,1,0,0,0
736,0,-0.0661753127816245,0,0,-0.3240711784875359,1,0,1,0,1,0,0,0,1,0,0,0
737,0,1.431555446430457,1,3,0.04368368399415517,0,0,1,0,1,0,0,0,0,1,0,0
739,0,-0.10457866558193428,0,0,-0.48916745442582815,1,0,1,0,1,0,0,0,1,0,0,0
740,0,-0.10457866558193428,0,0,-0.48916745442582815,1,0,1,0,1,0,0,0,1,0,0,0
741,1,-0.10457866558193428,0,0,-0.04435612576548361,1,0,1,0,0,0,0,0,1,0,0,0
744,0,-0.4118054879844125,1,0,-0.3240711784875359,1,0,1,0,1,0,0,0,1,0,0,0
745,1,0.1258414512199244,0,0,-0.48857985158126094,1,0,1,0,1,0,0,0,1,0,0,0
747,0,-1.026259132789369,1,1,-0.2405591303726786,1,0,1,0,1,0,0,0,1,0,0,0
748,1,0.04903474561930485,0,0,-0.38645367226008,0,0,1,1,0,1,0,0,0,0,0,0
749,0,-0.7958390159875103,1,0,0.42049406976540915,1,0,1,0,0,0,0,0,1,0,0,0
750,0,0.1258414512199244,0,0,-0.4921014439716465,1,1,0,0,1,0,0,0,1,0,0,0
751,1,-1.9479395999968037,1,1,-0.18521982138090565,0,0,1,1,0,1,0,0,0,0,0,0
752,1,-1.7943261887955646,0,1,-0.3970184494312366,1,0,1,0,1,0,0,0,0,0,0,0
753,0,0.2794548624211635,0,0,-0.456885520067791,1,0,1,0,1,0,0,0,1,0,0,0
754,0,-0.4886121935850321,0,0,-0.48916745442582815,1,0,1,0,1,0,0,0,1,0,0,0
757,0,-0.10457866558193428,0,0,-0.4911797929346199,1,0,1,0,1,0,0,0,1,0,0,0
758,0,-0.8726457215881299,0,0,-0.41663874989195615,1,0,1,1,0,0,0,0,1,0,0,0
759,0,0.3562615680217831,0,0,-0.48606442844527126,1,0,1,0,1,0,0,0,1,0,0,0
761,0,-0.10457866558193428,0,0,-0.3562685946282038,1,0,1,0,1,0,0,0,1,0,0,0
762,0,0.89390850722612,0,0,-0.5046785596515949,1,0,1,0,1,0,0,0,1,0,0,0
763,1,-0.7190323103868907,0,0,-0.5025817029254339,1,0,0,0,1,0,0,0,1,0,0,0
765,0,-1.026259132789369,0,0,-0.4915983593444486,1,0,1,0,1,0,0,0,1,0,0,0
767,0,-0.10457866558193428,0,0,0.14882837107852379,1,0,0,0,0,0,0,0,0,0,0,1
768,0,0.08743809841961463,0,0,-0.4921014439716465,0,1,0,0,1,1,0,0,0,0,0,0
769,0,-0.10457866558193428,1,0,-0.16207792852980063,1,1,0,0,1,0,0,0,1,0,0,0
770,0,0.20264815682054396,0,0,-0.4797758706052971,1,0,1,0,1,0,0,0,1,0,0,0
771,0,-0.4118054879844125,0,0,-0.456885520067791,1,0,1,0,1,0,0,0,1,0,0,0
772,0,1.431555446430457,0,0,-0.49000458724548557,1,0,1,0,1,0,0,0,1,0,0,0
774,0,-0.10457866558193428,0,0,-0.5026662211428031,1,0,0,0,1,0,0,0,1,0,0,0
775,1,1.8923956800341744,1,3,-0.18521982138090565,0,0,1,1,0,0,0,0,0,1,0,0
776,0,-0.8726457215881299,0,0,-0.4921014439716465,1,0,1,0,1,0,0,0,1,0,0,0
777,0,-0.10457866558193428,0,0,-0.4921014439716465,1,1,0,0,1,0,0,0,1,0,0,0
778,1,-1.8711328943961842,0,0,-0.3970184494312366,0,0,1,0,1,1,0,0,0,0,0,0
779,0,-0.10457866558193428,0,0,-0.4923529862852455,1,1,0,0,1,0,0,0,1,0,0,0
781,1,-1.2566792495912278,0,0,-0.5025817029254339,0,0,0,0,1,1,0,0,0,0,0,0
782,1,-0.9494524271887494,1,0,0.49897527160828714,0,0,1,0,0,0,0,0,0,1,0,0
783,0,-0.027771959981314716,0,0,-0.04435612576548361,1,0,1,0,0,0,0,0,1,0,0,0
784,0,-0.10457866558193428,1,2,-0.17616429809134282,1,0,1,0,1,0,0,0,1,0,0,0
785,0,-0.33499878238379294,0,0,-0.5061878135331888,1,0,1,0,1,0,0,0,1,0,0,0
786,0,-0.33499878238379294,0,0,-0.5021631365156053,1,0,1,0,1,0,0,0,1,0,0,0
787,1,-0.8726457215881299,0,0,-0.49721680846099514,0,0,1,0,1,1,0,0,0,0,0,0
788,0,-1.6407127775943255,4,1,-0.06196408771741136,1,1,0,0,1,0,0,0,0,0,0,0
791,0,-0.10457866558193428,0,0,-0.4921014439716465,1,1,0,0,1,0,0,0,1,0,0,0
792,0,-1.026259132789369,0,0,-0.12484966611715334,1,0,1,1,0,0,0,0,1,0,0,0
794,0,-0.10457866558193428,0,0,-0.030354274421310688,1,0,0,0,0,0,0,0,1,0,0,0
795,0,-0.33499878238379294,0,0,-0.48916745442582815,1,0,1,0,1,0,0,0,1,0,0,0
796,0,0.7402950960248809,0,0,-0.38645367226008,1,0,1,1,0,0,0,0,1,0,0,0
797,1,1.5083621520310766,0,0,-0.12627440178137786,0,0,1,0,0,0,0,0,0,0,0,1
798,1,0.1258414512199244,0,0,-0.4733202886690932,0,0,1,0,1,0,0,0,0,1,0,0
799,0,0.04903474561930485,0,0,-0.5025817029254339,1,0,0,0,1,0,0,0,1,0,0,0
800,0,0.04903474561930485,1,1,-0.16207792852980063,0,0,1,0,1,0,0,0,0,1,0,0
801,0,0.3562615680217831,0,0,-0.38645367226008,1,0,1,1,0,0,0,0,1,0,0,0
802,1,0.1258414512199244,1,1,-0.11981881984517398,0,0,1,1,0,0,0,0,0,1,0,0
805,1,-0.18138537118255385,0,0,-0.5076970674147825,1,0,1,0,1,0,0,0,1,0,0,0
806,0,0.1258414512199244,0,0,-0.4915983593444486,1,0,1,0,1,0,0,0,1,0,0,0
807,0,0.7402950960248809,0,0,-0.6480576784030067,1,0,1,0,0,0,0,0,1,0,0,0
808,0,-0.8726457215881299,0,0,-0.4915983593444486,0,0,1,0,1,1,0,0,0,0,0,0
809,0,0.7402950960248809,0,0,-0.38645367226008,1,0,1,1,0,0,0,0,1,0,0,0
810,1,0.2794548624211635,1,0,0.42049406976540915,0,0,1,0,0,0,0,0,0,1,0,0
811,0,-0.2581920767831734,0,0,-0.4893344785220579,1,0,1,0,1,0,0,0,1,0,0,0
812,0,0.7402950960248809,0,0,-0.16207792852980063,1,0,1,0,1,0,0,0,1,0,0,0
813,0,0.43306827362240263,0,0,-0.4367621349798736,1,0,1,1,0,0,0,0,1,0,0,0
814,0,-1.7943261887955646,4,2,-0.01869880977838891,0,0,1,0,1,1,0,0,0,0,0,0
815,0,0.08743809841961463,0,0,-0.48606442844527126,1,0,1,0,1,0,0,0,1,0,0,0
816,0,-0.10457866558193428,0,0,-0.6480576784030067,1,0,1,0,0,0,0,0,1,0,0,0
817,0,-0.4886121935850321,0,0,-0.48857985158126094,0,0,1,0,1,1,0,0,0,0,0,0
818,0,0.1258414512199244,1,1,0.09659208806730762,1,0,0,1,0,0,0,0,1,0,0,0
819,0,1.0475219184273592,0,0,-0.5182618445859392,1,0,1,0,1,0,0,0,1,0,0,0
820,0,-1.4870993663930865,3,2,-0.08661523445011025,1,0,1,0,1,0,0,0,0,0,0,0
822,1,-0.18138537118255385,0,0,-0.47373885507892183,1,0,1,0,1,0,0,0,1,0,0,0
823,0,0.6634883904242613,0,0,-0.6480576784030067,1,0,1,0,0,0,0,0,0,0,0,1
824,1,-0.18138537118255385,0,1,-0.3970184494312366,0,0,1,0,1,0,0,0,0,1,0,0
826,0,-0.10457866558193428,0,0,-0.5082001520419804,1,1,0,0,1,0,0,0,1,0,0,0
827,0,-0.10457866558193428,0,0,0.4888290608469592,1,0,1,0,1,0,0,0,1,0,0,0
829,1,-0.10457866558193428,0,0,-0.4921014439716465,1,1,0,0,1,0,0,0,1,0,0,0
831,1,-1.1030658383899885,1,0,-0.35719024566523044,0,0,0,0,1,0,0,0,0,1,0,0
833,0,-0.10457866558193428,0,0,-0.5025817029254339,1,0,0,0,1,0,0,0,1,0,0,0
834,0,-0.4886121935850321,0,0,-0.49000458724548557,1,0,1,0,1,0,0,0,1,0,0,0
835,0,-0.8726457215881299,0,0,-0.4810335821732919,1,0,1,0,1,0,0,0,1,0,0,0
837,0,-0.6422256047862712,0,0,-0.47373885507892183,1,0,1,0,1,0,0,0,1,0,0,0
838,0,-0.10457866558193428,0,0,-0.48606442844527126,1,0,1,0,1,0,0,0,1,0,0,0
839,1,0.20264815682054396,0,0,0.4888290608469592,1,0,1,0,1,0,0,0,1,0,0,0
840,1,-0.10457866558193428,0,0,-0.05039314129185885,1,0,0,0,0,0,0,0,1,0,0,0
841,0,-0.7190323103868907,0,0,-0.48857985158126094,1,0,1,0,1,0,0,0,1,0,0,0
842,0,-1.026259132789369,0,0,-0.4367621349798736,1,0,1,1,0,0,0,0,1,0,0,0
843,1,0.04903474561930485,0,0,-0.024232740677566172,0,0,0,0,0,1,0,0,0,0,0,0
844,0,0.39466492082209287,0,0,-0.5185133868995382,1,0,0,0,1,0,0,0,1,0,0,0
845,0,-0.9494524271887494,0,0,-0.47373885507892183,1,0,1,0,1,0,0,0,1,0,0,0
846,0,0.9707152128267396,0,0,-0.49612612098923,1,0,1,0,1,0,0,0,1,0,0,0
848,0,0.43306827362240263,0,0,-0.48916745442582815,1,0,0,0,1,0,0,0,1,0,0,0
849,0,-0.10457866558193428,0,1,0.016014029498268696,1,0,1,1,0,0,0,0,0,0,0,1
851,0,-1.9479395999968037,4,2,-0.01869880977838891,1,0,1,0,1,0,0,0,0,0,0,0
853,0,-1.563906071993706,1,1,-0.34126057402963506,0,0,0,0,1,1,0,0,0,0,0,0
854,1,-1.026259132789369,0,1,0.14480369406094024,0,0,1,0,0,1,0,0,0,0,0,0
855,0,1.1243286240279786,1,0,-0.12484966611715334,0,0,1,1,0,0,0,0,0,1,0,0
856,1,-0.8726457215881299,0,1,-0.4599040278309786,0,0,1,0,1,0,0,0,0,1,0,0
858,1,1.6619755632323157,0,0,-0.11378180431879874,1,0,1,0,0,0,0,0,1,0,0,0
859,1,-0.4118054879844125,0,3,-0.26051549136436636,0,0,0,0,1,0,0,0,0,1,0,0
860,0,-0.10457866558193428,0,0,-0.5025817029254339,1,0,0,0,1,0,0,0,1,0,0,0
861,0,0.89390850722612,2,0,-0.3641509245671411,1,0,1,0,1,0,0,0,1,0,0,0
862,0,-0.6422256047862712,1,0,-0.41663874989195615,1,0,1,1,0,0,0,0,1,0,0,0
863,1,1.431555446430457,0,0,-0.12627440178137786,0,0,1,0,0,0,0,0,0,1,0,0
865,0,-0.4118054879844125,0,0,-0.38645367226008,1,0,1,1,0,0,0,0,1,0,0,0
866,1,0.9707152128267396,0,0,-0.38645367226008,0,0,1,1,0,0,0,0,0,1,0,0
867,1,-0.18138537118255385,1,0,-0.36918177083912046,0,0,0,1,0,1,0,0,0,0,0,0
868,0,0.1258414512199244,0,0,0.3680887503194546,1,0,1,0,0,0,0,0,1,0,0,0
869,0,-0.10457866558193428,0,0,-0.456885520067791,1,0,1,0,1,0,0,0,1,0,0,0
870,1,-1.9479395999968037,1,1,-0.4240179952036955,1,0,1,0,1,0,0,0,0,0,0,0
871,0,-0.2581920767831734,0,0,-0.48916745442582815,1,0,1,0,1,0,0,0,1,0,0,0
872,1,1.3547487408298373,1,1,0.4095107261844238,0,0,1,0,0,0,0,0,0,1,0,0
873,0,0.2794548624211635,0,0,-0.5474407529634194,1,0,1,0,0,0,0,0,1,0,0,0
874,0,1.3547487408298373,0,0,-0.4669472126117497,1,0,1,0,1,0,0,0,1,0,0,0
875,1,-0.10457866558193428,1,0,-0.1650964362929882,0,0,0,1,0,0,0,0,0,1,0,0
876,1,-1.1030658383899885,0,0,-0.5026662211428031,0,0,0,0,1,1,0,0,0,0,0,0
877,0,-0.7190323103868907,0,0,-0.44992685350438916,1,0,1,0,1,0,0,0,1,0,0,0
878,0,-0.7958390159875103,0,0,-0.48916745442582815,1,0,1,0,1,0,0,0,1,0,0,0
879,0,-0.10457866558193428,0,0,-0.48916745442582815,1,0,1,0,1,0,0,0,1,0,0,0
881,1,-0.33499878238379294,0,1,-0.12484966611715334,0,0,1,1,0,0,0,0,0,1,0,0
882,0,0.2794548624211635,0,0,-0.48916745442582815,1,0,1,0,1,0,0,0,1,0,0,0
883,0,-0.5654188991856517,0,0,-0.43642607444890535,0,0,1,0,1,1,0,0,0,0,0,0
884,0,-0.10457866558193428,0,0,-0.4367621349798736,1,0,1,1,0,0,0,0,1,0,0,0
885,0,-0.33499878238379294,0,0,-0.5061878135331888,1,0,1,0,1,0,0,0,1,0,0,0
886,0,0.7402950960248809,0,5,-0.06196408771741136,0,1,0,0,1,0,0,0,0,1,0,0
887,0,-0.18138537118255385,0,0,-0.38645367226008,1,0,1,1,0,0,0,0,0,0,0,1
888,1,-0.7958390159875103,0,0,-0.04435612576548361,0,0,1,0,0,1,0,0,0,0,0,0
889,0,-0.10457866558193428,1,2,-0.17616429809134282,0,0,1,0,1,1,0,0,0,0,0,0
890,1,-0.2581920767831734,0,0,-0.04435612576548361,1,0,0,0,0,0,0,0,1,0,0,0
891,0,0.20264815682054396,0,0,-0.4921014439716465,1,1,0,0,1,0,0,0,1,0,0,0
